"1,2-propanediol","v/v"
"1,4-butanediol","v/v"
"1,6-hexanediol","M"
"2-ethoxyethanol","v/v"
"2-methyl-2,4-pentanediol","v/v"
"2-propanol","v/v"
"ADA","M"
"ammonium acetate","M"
"ammonium chloride","M"
"ammonium dihydrogen phosphate","M"
"ammonium fluoride","M"
"ammonium iodide","M"
"ammonium nitrate","M"
"ammonium sulfate","M"
"barium chloride","M"
"bicine","M"
"cadmium chloride","M"
"cadmium sulfate","M"
"calcium acetate","M"
"calcium chloride","M"
"CAPS","M"
"CHES","M"
"citric acid","M"
"cobalt chloride","M"
"diammonium hydrogen citrate","M"
"diammonium hydrogen phosphate","M"
"dioxane","v/v"
"dipotassium hydrogen phosphate","M"
"disodium hydrogen phosphate","M"
"ethanol","v/v"
"ethylene glycol","v/v"
"ethylene imine polymer","w/v"
"iron(III) chloride","M"
"glycerol","v/v"
"HEPES","M"
"CTAB","M"
"imidazole","M"
"jeffamine M-600","v/v"
"lithium acetate","M"
"lithium chloride","M"
"lithium nitrate","M"
"lithium sulfate","M"
"magnesium acetate","M"
"magnesium chloride","M"
"magnesium formate","M"
"magnesium nitrate","M"
"methanol","v/v"
"nickel(II) chloride","M"
"phosphate-citrate","M"
"polyethylene glycol 1000","w/v"
"polyethylene glycol 1500","w/v"
"polyethylene glycol 200","v/v"
"polyethylene glycol 20000","w/v"
"polyethylene glycol 300","v/v"
"polyethylene glycol 3000","w/v"
"polyethylene glycol 3350","w/v"
"polyethylene glycol 400","v/v"
"polyethylene glycol 4000","w/v"
"polyethylene glycol 600","w/v"
"polyethylene glycol 6000","w/v"
"polyethylene glycol monomethyl ether 5000","w/v"
"polyethylene glycol monomethyl ether 550","v/v"
"potassium acetate","M"
"potassium chloride","M"
"tripotassium citrate","M"
"potassium dihydrogen phosphate","M"
"potassium fluoride","M"
"potassium formate","M"
"potassium nitrate","M"
"potassium sodium tartrate","M"
"potassium sulfate","M"
"potassium thiocyanate","M"
"sodium acetate","M"
"sodium cacodylate","M"
"sodium chloride","M"
"sodium citrate","M"
"sodium fluoride","M"
"sodium formate","M"
"sodium HEPES","M"
"sodium iodide","M"
"sodium MES","M"
"sodium nitrate","M"
"sodium sulfate","M"
"sodium thiocyanate","M"
"spermine tetrahydrochloride","M"
"strontium chloride","M"
"tris chloride","M"
"zinc acetate","M"
"zinc sulfate","M"
"adenosine triphosphate","M"
"hexammine cobalt(III) chloride","M"
"bis-tris","M"
"triammonium citrate","M"
"succinic acid","M"
"tacsimate","v/v"
"jeffamine ED-2001","w/v"
"pentaerythritol propoxylate (5/4 PO/OH)","w/v"
"pentaerythritol ethoxylate (15/4 EO/OH)","w/v"
"polypropylene glycol P400","v/v"
"polyacrylic acid 5100 sodium salt","w/v"
"polyvinylpyrrolidone K15","w/v"
"proline","M"
"potassium bromide","M"
"dithiothreitol","M"
"EDTA","M"
"leupeptin","M"
"benzamidine hydrochloride","M"
"Al's oil","v/v"
"glycine","M"
"hydrochloric acid","M"
"pentaerythritol propoxylate (17/8 PO/OH)","w/v"
"beta-mercaptoethanol","M"
"n-octyl-b-D-Glucopyranoside","M"
"nicotinamide adenine dinucleotide","w/v"
"bis-tris propane","M"
"sodium PIPES","M"
"dimethyl sulfoxide","v/v"
"MOPS","M"
"adenosine diphosphate","M"
"acetone","v/v"
"polyethylene glycol 1450","w/v"
"sodium succinate","M"
"sucrose","M"
"tris acetate","M"
"guanidine hydrochloride","M"
"guanosine monophosphate","M"
"glutathione, reduced","M"
"polyethylene glycol monomethyl ether 350","v/v"
"triethanolamine","M"
"boric acid","M"
"copper(I) chloride","M"
"copper(II) chloride","M"
"nicotinamide adenine dinucleotide phosphate","M"
"sodium bromide","M"
"sodium dithionite","M"
"1,2,3-heptanetriol","M"
"BES","M"
"flavin adenine dinucleotide","M"
"hexadecyltrimethylammonium chloride","M"
"2,5-hexanediol","v/v"
"ammonium sulfite","M"
"sodium dihydrogen-dipotassium hydrogen phosphate","M"
"staurosporine","M"
"manganese(II) chloride","M"
"yttrium chloride","M"
"trimethylamine hydrochloride","M"
"urea","M"
"dextran sulfate","w/v"
"1,3-butanediol","v/v"
"1,3-propanediol","v/v"
"acetonitrile","v/v"
"gamma butyrolactone","v/v"
"1-propanol","v/v"
"ethyl acetate","v/v"
"dichloromethane","v/v"
"2,2,2-trifluoroethanol","v/v"
"cysteine","M"
"disodium EDTA","M"
"glucose","M"
"xylitol","M"
"spermidine","M"
"6-aminocaproic acid","M"
"1,6-diaminohexane","v/v"
"1,8-diaminooctane","w/v"
"gly-gly-gly","M"
"betaine","M"
"phenol","M"
"arginine","M"
"rubidium bromide","M"
"2,3-butanediol","v/v"
"tricine","M"
"sodium dihydrogen phosphate-disodium hydrogen phosphate","M"
"dipotassium hydrogen-potassium dihydrogen phosphate","M"
"triethylene glycol","v/v"
"diethylene glycol","v/v"
"guanosine triphosphate","M"
"succinate-phosphate-glycine","v/v"
"citrate-HEPES-CHES","v/v"
"malonate-imidazole-borate","v/v"
"propionate-cacodylate-bis tris propane","v/v"
"acetate-ADA-bicine","v/v"
"tartrate-bis tris-glygly","v/v"
"disodium hydrogen-potassium dihydrogen phosphate","M"
"gadolinium chloride","M"
"holmium chloride","M"
"2-butanol","v/v"
"barium iodide","M"
"brij 56","v/v"
"EPPS","M"
"gadolinium bromide","M"
"lanthanum(III) acetate","M"
"LDAO","w/v"
"N,N-dimethylformamide","v/v"
"NDSB 201","M"
"n-octyl-b-D-thioglucoside","M"
"samarium bromide","M"
"samarium chloride","M"
"spermine","M"
"trifluoroacetic acid","v/v"
"triton X-100","v/v"
"ANAPOE-80","w/v"
"yttrium nitrate","M"
"ZWITTERGENT 3-12","M"
"trisodium citrate-citric acid","M"
"tris","M"
"trisodium citrate","M"
"ammonium bromide","M"
"ammonium selenate","M"
"barium acetate","M"
"barium bromide","M"
"cadmium acetate","M"
"cadmium bromide","M"
"cadmium iodide","M"
"cadmium nitrate","M"
"cesium acetate","M"
"cesium bromide","M"
"cesium fluoride","M"
"cesium formate","M"
"cesium iodide","M"
"cesium nitrate","M"
"cesium sulfate","M"
"gadolinium acetate","M"
"gadolinium nitrate","M"
"holmium bromide","M"
"holmium nitrate","M"
"lanthanum bromide","M"
"lanthanum chloride","M"
"lanthanum nitrate","M"
"lithium bromide","M"
"lithium iodide","M"
"magnesium bromide","M"
"potassium selenate","M"
"samarium nitrate","M"
"sodium selenate","M"
"sodium tungstate","M"
"strontium nitrate","M"
"ytterbium chloride","M"
"zinc bromide","M"
"sodium lactate","M"
"triammonium citrate-ammonium hydroxide","M"
"triammonium citrate-citric acid","M"
"NDSB 195","M"
"1,1,1,3,3,3-hexafluoro-2-propanol","v/v"
"galactose","M"
"sorbitol","w/v"
"trehalose","M"
"DL-malate-imidazole","M"
"sodium tetraborate","M"
"CAPSO","M"
"betaine hydrochloride","M"
"chromium(III) chloride","M"
"NDSB 256","M"
"praseodymium(III) acetate","M"
"sarcosine","M"
"TCEP","M"
"trichloroacetic acid","w/v"
"1-octanol","v/v"
"bromophenol blue","w/v"
"potassium sodium phosphate","M"
"paraffin oil","v/v"
"pepstatin","M"
"silicone oil","v/v"
"triethanolamine hydrochloride","M"
"polyethylene glycol monomethyl ether 750","w/v"
"tergitol NP-40","w/v"
"cobalt(II) sulfate","M"
"jeffamine ED-900","w/v"
"dipotassium tartrate","M"
"ligand 3","M"
"pterin-6-yl-methyl-monophosphate","M"
"magnesium sulfate","M"
"polyethylene glycol monomethyl ether 2000","w/v"
"tert-butanol","v/v"
"sodium malonate","M"
"sodium azide","M"
"diisopropyl fluorophosphate","M"
"2-hydroxyecdysone","M"
"copper(II) sulfate","M"
"gly-gly","M"
"polyethylene glycol monomethylether 1900","w/v"
"polyethylene glycol 4600","w/v"
"MANIC-NO","M"
"CYMAL-7","M"
"4,4'-diaminodiphenylsulfone","M"
"polyethylene glycol 12000","w/v"
"tryptone","w/v"
"citrate-bis-tris propane","M"
"tris maleate","M"
"imidazole maleate","M"
"disodium hydrogen-dipotassium hydrogen phosphate","M"
"MEGA 7","w/v"
"MEGA 8","w/v"
"1,5-hexanediol","v/v"
"glutathione, oxidised","M"
"neutral red","v/v"
"sodium malonate-malonic acid","M"
"malonic acid","M"
"sodium malate","M"
"lithium formate","M"
"Maybridge Mixed Fragments","v/v"
"ammonium formate","M"
"cesium chloride","M"
"disodium tartrate","M"
"trilithium citrate","M"
"polyethylene glycol 10000","w/v"
"polyethylene glycol 8000","w/v"
"potassium iodide","M"
"sodium dihydrogen phosphate","M"
"zinc chloride","M"
"DL-malic acid","M"
"trimethylamine N-oxide","M"
"pentaerythritol ethoxylate (3/4 EO/OH)","w/v"
"1-butanol","v/v"
"1,5-diaminopentane dihydrochloride","w/v"
"polyethylene glycol 2000","w/v"
"DL-malate-MES-tris","v/v"
"amidosulfobetaine-14","w/v"
"diammonium tartrate","M"
"6-methylamino-5-nitroisocytosine","M"
"sodium dihydrogen-potassium dihydrogen phosphate","M"
"ruthenium chloride","M"
"L-argininamide dihydrochloride","M"
"putrescine dihydrochloride","M"
"spermidine trihydrochloride","M"
"methotrexate","M"
"trisodium EDTA","M"
"disodium 1,5-naphthalenedisulfonate","w/v"
"2,5-pyridinedicarboxylic acid","w/v"
"3,5-dinitrosalicylic acid","w/v"
"benzidine","w/v"
"nicotinamide","w/v"
"pyromellitic acid","w/v"
"sulfaguanidine","w/v"
"gly-gly-gly-gly","w/v"
"gly-gly-gly-gly-gly","w/v"
"4-aminobenzoic acid","w/v"
"salicylic acid","w/v"
"trimesic acid","w/v"
"4-nitrobenzoic acid","w/v"
"5-sulfosalicylic acid","w/v"
"naphthalene-1,3,6-trisulfonic acid trisodium salt","w/v"
"disodium 2,6-napthalenedisulfonate","w/v"
"disodium 2,7-napthalenedisulfonate","w/v"
"disodium anthraquinone-2,6-disulfonate","w/v"
"sodium 1-pentanesulfonic acid","w/v"
"3-aminosalicylic acid","w/v"
"salicylamide","w/v"
"histidine","M"
"isoleucine","M"
"leucine","M"
"phenylalanine","M"
"tryptophan","M"
"tyrosine","M"
"mellitic acid","M"
"sulfanilamide","w/v"
"anthrone","w/v"
"congo red","w/v"
"N-(Carbamoylmethyl)taurine","M"
"1,3,5-pentanetricarboxylic acid","w/v"
"5-sulfoisophthalic acid","w/v"
"cystathionine","w/v"
"dithioerythritol","M"
"citrulline","M"
"metanilic acid","w/v"
"azelaic acid","w/v"
"trans-cinnamic acid","w/v"
"orthanilic acid","w/v"
"1,4-cyclohexanedicarboxylic acid","w/v"
"thiodiglycolic acid","w/v"
"3-aminobenzoic acid","M"
"vanillic acid","w/v"
"p-coumaric acid","w/v"
"phenylurea","w/v"
"1,2-diaminocyclohexane sulfate","w/v"
"poly(3-hydroxybutyric acid)","w/v"
"methylenediphosphonic acid","w/v"
"fructose-1,6-diphosphate","w/v"
"glucose-6-phosphate","M"
"phosphoserine","w/v"
"phosphonotyrosine","w/v"
"threonine","M"
"lysine","M"
"alanine","M"
"asparagine","M"
"aspartic acid","M"
"glutamic acid","M"
"glutamine","M"
"serine","M"
"valine","M"
"maltose","M"
"melibiose","M"
"raffinose","M"
"stachyose","M"
"pimelic acid","M"
"taurine","M"
"sodium pyrophosphate","M"
"inositol","M"
"fumaric acid","M"
"sodium tripolyphosphate","M"
"maleic acid","M"
"oxalacetic acid","M"
"potassium MES","M"
"MES-bis tris","M"
"TAPS","M"
"PEG Smear 200-10K","w/v"
"arg-glu","M"
"tris phosphate","M"
"sodium perchlorate","M"
"ethylenediamine dihydrochloride","M"
"thymol","M"
"benzyldodecyldimethylammonium bromide","w/v"
"n-dodecyl-B-iminodipropionic acid, monosodium salt","M"
"dodecyltrimethylammonium chloride","M"
"sodium deoxycholate","M"
"sodium dodecyl sulfate","M"
"sodium cholate","M"
"sodium dodecanoyl sarcosine","M"
"ANAPOE-X-305","w/v"
"IPTG","w/v"
"n-hexadecyl-b-D-maltoside","M"
"ANAPOE-58","w/v"
"n-tetradecyl-b-D-maltoside","M"
"n-tridecyl-b-D-maltoside","M"
"C12E9","M"
"ANAPOE-20","w/v"
"thesit","M"
"ANAPOE-35","w/v"
"ANAPOE-C13E8","w/v"
"C12E8","M"
"n-dodecyl-b-D-maltoside","M"
"ANAPOE-X-114","w/v"
"ANAPOE-C12E10","w/v"
"sucrose monolaurate","M"
"CYMAL-6","M"
"n-undecyl-b-D-maltoside","M"
"ANAPOE-X-405","w/v"
"ANAPOE-C10E6","w/v"
"n-decyl-b-D-thiomaltoside","M"
"octyl maltoside, fluorinated","M"
"ANAPOE-C10E9","w/v"
"N,N-bis[3-(D-gluconamido)propyl]deoxycholamide","M"
"n-nonyl-b-D-thioglucoside","M"
"n-decyl-b-D-maltoside","M"
"decanoylsucrose","M"
"n-nonyl-b-D-thiomaltoside","M"
"CYMAL-5","M"
"n-nonyl-b-D-maltoside","M"
"n-nonyl-b-D-glucoside","M"
"HEGA-10","M"
"MEGA 10","M"
"C8E5","M"
"CYMAL-4","M"
"C8E4","M"
"n-octyl-b-D-thiomaltoside","M"
"C8E6","M"
"DDAO","M"
"cyclohexylpentanoyl-N-hydroxyethylglucamide","M"
"pluronic F-68","w/v"
"HECAMEG","M"
"n-octanoylsucrose","M"
"MEGA 9","M"
"2,6-dimethyl-4-heptyl-beta-D-maltopyranoside","M"
"n-octyl-b-D-galactopyranoside","M"
"n-heptyl-b-D-thioglucopyranoside","M"
"CYMAL-3","M"
"cyclohexylbutanoyl-N-hydroxyethylglucamide","M"
"HEGA-9","M"
"dimethyloctylphosphine oxide","M"
"CHAPSO","M"
"cyclohexylpropanoyl-N-hydroxyethylglucamide","M"
"HEGA-8","M"
"n-hexyl-b-D-glucopyranoside","M"
"cyclohexylethanoyl-N-hydroxyethylglucamide","w/v"
"CYMAL-2","M"
"CYMAL-1","w/v"
"NDSB 211","M"
"NDSB 221","M"
"ZWITTERGENT 3-14","M"
"n-dodecyl-N,N-dimethylglycine","M"
"FOS-Choline-12","M"
"FOS-Choline-8, fluorinated","M"
"UDAO","M"
"ZWITTERGENT 3-10","M"
"ZWITTERGENT 3-08","w/v"
"DDMAB","M"
"FOS-MEA-10","M"
"CHAPS","w/v"
"FOS-Choline-10","M"
"n-decyl-N,N-dimethylglycine","M"
"FOS-Choline-9","M"
"CYCLOFOS-3","M"
"FOS-Choline-8","M"
"LysoFos Choline 12","M"
"LysoFos Choline 10","M"
"ZWITTERGENT 3-16","M"
"n-dodecyl-b-D-glucopyranoside","M"
"C10E5","M"
"n-heptyl-b-D-glucopyranoside","M"
"ectoine","M"
"erythritol","M"
"ribitol","M"
"mannitol","M"
"aluminium(III) chloride","M"
"pyridine","v/v"
"caprolactam","M"
"tetramethylammonium chloride","M"
"rubidium chloride","M"
"potassium cyanate","M"
"sodium trichloroacetate","M"
"lithium salicylate","M"
"lithium perchlorate","M"
"ammonium thiocyanate","M"
"ammonium trifluoroacetate","M"
"beryllium sulfate","M"
"ethanolamine","M"
"1,2,3-hexanetriol","M"
"polyvinyl alcohol","w/v"
"DL-fructose","M"
"DL-glucose","M"
"DL-mannose","M"
"lactose","M"
"1,2-butanediol","w/v"
"Propionitrile","v/v"
"2-methoxy-2-methylpropane","v/v"
"tetrahydrofuran","v/v"
"butanone","v/v"
"3-pentanone","v/v"
"methyl acetate","v/v"
"acetic acid","M"
"polyvinylpyrrolidone K25","w/v"
"sodium maleate","M"
"tetraethylene glycol","v/v"
"pentaethylene glycol","v/v"
"mannose","M"
"L-fucose","M"
"xylose","M"
"N-acetylglucosamine","M"
"sodium oxamate","M"
"sodium glutamate","M"
"ethylammonium formate","M"
"ethylammonium propionate","M"
"ethylammonium methanesulfonate","M"
"ethylammonium pivalate","M"
"ethylammonium trifluoroacetate","M"
"ethylammonium acetate","M"
"ethylammonium nitrate","M"
"ethanolammonium nitrate","M"
"triethanolammonium nitrate","M"
"diethanolammonium nitrate","M"
"kanamycin monosulfate","w/v"
"tannic acid","w/v"
"hydroxyproline","M"
"disodium glycerol-2-phosphate","M"
"cytidine","w/v"
"quinine","w/v"
"sodium glyoxylate","w/v"
"cholic acid","w/v"
"ellipticine","w/v"
"gibberellin","w/v"
"trisodium 6-phosphogluconate","w/v"
"N-alpha-benzoyl-L-arginine ethyl ester hydrochloride","w/v"
"choline base solution","w/v"
"carnosine","M"
"acetylglutamic acid","M"
"thiamine pyrophosphate","w/v"
"D-glucosaminic acid","w/v"
"thiamine hydrochloride","w/v"
"L-ascorbic acid","w/v"
"sodium carbonate","M"
"molybdenum(III) chloride","M"
"disodium argininosuccinate","w/v"
"guanine","w/v"
"thiamine monophosphate","w/v"
"D-mannosamine hydrochloride","w/v"
"isomaltose","w/v"
"L-arabinose","w/v"
"nicotinamide adenine dinucleotide phosphate, reduced","M"
"sodium L-malate","M"
"monoolein","w/v"
"ammonium dihydrogen phosphate-diammonium hydrogen phosphate","M"
"PGA-LM","w/v"
"diethylammonium formate","M"
"dimethylammonium formate","M"
"ethanolammonium formate","M"
"diethanolammonium formate","M"
"triethanolammonium formate","M"
"1-methylimidazolium formate","M"
"ethylammonium glycolate","M"
"ethanolammonium glycolate","M"
"ethylammonium lactate","M"
"diethylammonium nitrate","M"
"triethylammonium nitrate","M"
"butylammonium nitrate","M"
"1-methylimidazolium nitrate","M"
"1-ethyl-3-methylimidazolium chloride","M"
"1-hexyl-3-methylimidazolium chloride","M"
"1-ethyl-3-methylimidazolium trifluoroacetate","M"
"1-butyl-3-methylimidazolium trifluoroacetate","M"
"1-butyl-3-methylimidazolium trifluoromethanesulfonate","M"
"1-ethyl-3-methylimidazolium trifluoromethanesulfonate","M"
"1,3-dimethylimidazolium dimethylphosphate","M"
"1-butyl-1-methylpyrrolidinium trifluoromethanesulfonate","M"
"1-ethyl-3-hydroxymethylpyridinium ethylsulfate","M"
"N-butyl-3-methylpyridinium methylsulfate","M"
"pyrrolidinium formate","M"
"pyrrolidinium nitrate","M"
"pyrrolidinonium nitrate","M"
"pyrrolidinonium formate","M"
"2-(2-hydroxyethoxy)ethylammonium nitrate","M"
"ethanolammonium trifluoroacetate","M"
"ethylammonium hydrogen phosphate","M"
"choline saccharinate","M"
"ethylammonium hydrogen sulfate","M"
"methylammonium trifluoroacetate","M"
"2-hydroxy-1,1-bishydroxymethylethylammonium nitrate","M"
"glycinium ethyl ester glycolate","M"
"glycinium nitrate","M"
"ethylammonium sulfate","M"
"triethylammonium formate","M"
"mercury(II) chloride","M"
"NIST buffer standard","v/v"
"piperazine","M"
"ellagic acid","M"
"methyl gallate","M"
"ethyl gallate","M"
"ethyl-3,4-dihydroxybenzoate","M"
"dodecyl gallate","M"
"ethyl benzoate","v/v"
"methyl-4-hydroxybenzoate","M"
"methyl salicylate","v/v"
"ethyl-3,5-dihydroxybenzoate","M"
"gallocatechin gallate","M"
"2-amino-2-methyl-1,3-propanediol","M"
"tetraethylammonium bromide","w/v"
"benzyltriethylammonium chloride","w/v"
"2-hydroxyethylammonium formate","w/v"
"choline acetate","w/v"
"choline dihydrogen phosphate","w/v"
"1-ethyl-3-methylimidazolium acetate","w/v"
"1-butyl-3-methylimidazolium chloride","w/v"
"1-butyl-3-methylimidazolium dicyanamide","w/v"
"1,3-dimethylimidazolium methylsulfate","w/v"
"1-butyl-3-methylimidazolium methylsulfate","w/v"
"1-butyl-3-methylimidazolium octylsulfate","w/v"
"1-ethyl-3-methylimidazolium thiocyanate","w/v"
"1-ethyl-3-methylimidazolium tetrafluoroborate","w/v"
"1-butyl-2,3-dimethylimidazolium tetrafluoroborate","w/v"
"1-butyl-3-methylimidazolium tetrafluoroborate","w/v"
"tetrabutylphosphonium bromide","w/v"
"triisobutylmethylphosphonium tosylate","w/v"
"1-butylpyridinium chloride","w/v"
"polyacrylic acid 2100 sodium salt","w/v"
"poly(acrylic acid-co-maleic acid)","w/v"
"jeffamine D-2000","w/v"
"jeffamine M-2005","w/v"
"jeffamine T-403","w/v"
"jeffamine SD-2001","w/v"
"glascol W13","w/v"
"glycerol ethoxylate","w/v"
"jeffamine M-2070","w/v"
"sokalan HP 56","w/v"
"sokalan HP 66 K","w/v"
"sokalan CP 12S","w/v"
"sokalan CP 5","w/v"
"sokalan CP 7","w/v"
"sokalan CP 42","w/v"
"formamide","v/v"
"potassium dihydrogen phosphate-dipotassium hydrogen phosphate","M"
"sodium acetate-acetic acid","M"
"sodium MOPS","M"
"L-arginine ethyl ester dihydrochloride","M"
"hydroxyectoine","M"
"Methyl alpha-D-glucopyranoside","M"
"5-aminovaleric acid","M"
"N-methylurea","M"
"N-ethylurea","M"
"N-methylformamide","w/v"
"hypotaurine","w/v"
"acetamide","M"
"sodium benzenesulfonate","M"
"sodium p-toluenesulfonate","M"
"6-O-alpha-D-maltosyl-beta-cyclodextrin","M"
"(2-hydroxypropyl)-beta-cyclodextrin","M"
"alpha-cyclodextrin","M"
"methyl-beta-cyclodextrin","M"
"sodium tricine","M"
"sodium bicine","M"
"bis-tris chloride","M"
"bis-tris propane chloride","M"
"sodium succinate-succinic acid","M"
"sodium DL-malate-DL-malic acid","M"
"sodium DL-malate","M"
"L-malic acid","M"
"sodium hydroxide","M"
"phosphate buffered saline","v/v"
"tris AMPD","M"
"polyethylene glycol 250 diacid","v/v"
"choline chloride","M"
"1-hexanol","v/v"
"1-pentanol","v/v"
"DIPSO","M"
"TABS","M"
"HEGA-11","M"
"samarium acetate","M"
"lutetium acetate","M"
"neodymium chloride","M"
"potassium hexachlororhenate","M"
"potassium silicate","M"
"osmium chloride","M"
"zinc nitrate","M"
"triethylammonium phosphate","M"
"deuterium oxide","M"
"foscarnet","M"
"EGTA","M"
"PEG 0.3-8kD","w/v"
"tris sulfate","M"
"citraconic acid","M"
"Pluronic F87/P103","v/v"
"pyrroloquinoline quinone","w/v"
"ammonium citrate","M"
"ammonium phosphate","M"
"trisodium phosphate","M"
"sodium phosphate","M"
"potassium phosphate","M"
"potassium citrate","M"
